,"Sắp tới tui sẽ chia sẻ hướng dẫn chi tiết trên kênh Youtube Mikelikedesign, cả nhà cho Mike xin 1 subscribe nha: https://www.youtube.com/channel/UCjhns2Wbmlc-nfQOIBCPbOg",,,
,,,* Vùng tô đỏ là vùng thay đổi theo nhu cầu cá nhân của bạn,
Số,Thao tác tại,Loại prompt,Nội dung PROMPT,"Kết quả  - Hồ sơ thiết kế website
Lưu ra google Word để kiểm tra lại và chỉnh sửa nếu cần"
Video 1,Chuẩn bị nội dung thô + copy prompt,"Soạn thảo ""Linh hồn"" (Text Content)
Quy hoạch ""Tài nguyên"" (Image Assets)
Thiết kế Layout và Style Guide",4 prompt nạp vào Gemini là 1.1; 1.2; 1.3; 2,"Đây là 4 mục chính của Hồ sơ Website: 
Content, image, layout, style design"
1.1,Nội dung thô đầy đủ cho trang Web của bạn,Content Blueprinting,"(Content Blueprinting)
Đóng vai một Content Architect (Kiến trúc sư nội dung) chuyên nghiệp. Tôi sẽ cung cấp cho bạn toàn bộ nội dung chữ (Text) cho Website [Portfolio 9-Slide] của mình 
YÊU CẦU BẮT BUỘC (STRICT RULES):

BẢO TOÀN NỘI DUNG: Tuyệt đối giữ nguyên 100% văn bản tôi cung cấp. KHÔNG tóm tắt, KHÔNG viết lại, KHÔNG bỏ sót bất kỳ một dấu phẩy hay chi tiết nhỏ nào (đặc biệt là các con số và thuật ngữ chuyên môn).

HỆ THỐNG HÓA BLUEPRINT: Sắp xếp nội dung này theo đúng cấu trúc 9 Slide (từ S1 đến S9).

PHÂN CẤP DỮ LIỆU (HIERARCHY): Với mỗi Slide, hãy chia rõ:
Primary Title (Tiêu đề chính)
Secondary Title/Subtitle (Tiêu đề phụ)
Body Content (Nội dung chi tiết - Giữ nguyên 100%)
Key Highlights/Bullet Points (Các điểm nhấn)

XÁC NHẬN: Sau khi sắp xếp, hãy trình bày dưới dạng một bản danh sách phân cấp rõ ràng để tôi kiểm duyệt.

NỘI DUNG THÔ CỦA TÔI:
[Dán toàn bộ nội dung chữ từ S1 đến S9 của bạn vào đây]","Ví dụ, khi tui nạp nội dung thô cho Portfolio vào Gemini kèm Prompt 1.1, nó sẽ trả kết quả: 
S1: IDENTITY (DIỆN MẠO THƯƠNG HIỆU)
Primary Title: LÊ PHƯƠNG MAI (Nickname: Mikelikedesign)

Secondary Title: Digital Content Creator & Productivity Consultant

Body Content: ""Systematizing mindsets and optimizing performance through data-driven solutions and creative design.""

Key Highlights: Digital Content Creator | Productivity Consultant | Founder @Mikelikedesign

S2: SOCIAL PROOF (SỨC ẢNH HƯỞNG CỘNG ĐỒNG)
Primary Title: Social Proof & Key Metrics

Secondary Title: Building a Digital Productivity Ecosystem

Body Content: * TikTok: 126,000+ Followers | 1.5 Million Likes. Định dạng video ngắn tốc độ cao, tối ưu hóa mức độ tương tác và truyền tải kiến thức trực quan.

Threads: 9,000+ Followers. Không gian thảo luận, cập nhật xu hướng tin học và kết nối trực tiếp với cộng đồng thế hệ gen Z.

Lemon8: 4,000 Followers. Cộng đồng học tập chuyên sâu, ưu tiên nâng cấp tư duy năng suất và tối ưu hóa hiệu suất làm việc.

Key Highlights: Totaling 140k+ followers across platforms.
..."
1.2,"Sau khi kiểm tra kết quả Blue Print trả về bước 1.1, bạn có thể chốt luôn hoặc chỉnh sửa lại. Nếu chỉnh sửa 1 số chi tiết, bạn cần cập nhật lại bản Blue Print kết quả ở bước 1 để Gemini biết đó là nội dung được thống nhất. ",Images mapping/Visual Assets mapping,"(Visual Assets Mapping) Bản Blueprint chữ đã chốt. Bây giờ, với tư cách là một Visual Architect, hãy đề xuất cho tôi cấu trúc chèn ảnh phù hợp cho từng Slide trong Web

YÊU CẦU BẮT BUỘC (ANTI-OMISSION RULES):

LUẬT ĐỊNH DANH ĐỘC LẬP: Với mỗi vị trí cần ảnh trong Layout (ví dụ slide Bento có 4 ô ảnh), bạn PHẢI đặt 4 tên file riêng biệt (ví dụ: s2_metric_01.png, s2_metric_02.png,...). Không dùng 1 tên file cho nhiều ảnh.

NAMING CONVENTION: Sử dụng định dạng: [số slide]_[tên nội dung]_[số thứ tự].[định dạng]. (Ví dụ: s4_founder_01.jpg).

KHỚP VỚI BLUEPRINT: Phân tích độ dài của chữ trong Blueprint để quyết định số lượng ảnh. Nếu chữ ít -> dùng 1 ảnh lớn (Hero). Nếu nội dung có nhiều ý nhỏ (Bullet points) -> dùng nhiều ảnh nhỏ (Bento).

YÊU CẦU CHI TIẾT CHO TỪNG ẢNH:

Mô tả vị trí: Nói rõ ảnh nằm ở đâu (Bên phải, bên trái, làm nền, hay nằm trong ô thứ mấy của Bento Grid).
Tỷ lệ khung hình (Aspect Ratio): Chỉ định rõ 16:9, 1:1, hoặc 4:5 để tôi chuẩn bị ảnh.
Loại file: Gợi ý JPG cho ảnh chụp, PNG/SVG cho icon/logo.



ĐỊNH DẠNG ĐẦU RA (TABLE):

Hãy xuất bảng gồm các cột: Slide | Số thứ tự ảnh | Tên file (Duy nhất) | Vị trí & Mô tả Layout | Tỷ lệ | Loại file.
Hãy xuất một Bảng quy hoạch ảnh chi tiết, không bỏ sót bất kỳ vị trí hình ảnh nào cần thiết để website nhìn 'Expensive'.",
1.3,"Paste Prompt vào Gemini để nhận bản thiết kế bố cục cho Website - Hoàn toàn dựa trên Nội dung và Hình ảnh đã thống nhất. 

Nếu bạn ko có bất kì chỉnh sửa nào với kết quả trả về của 2 prompt trên, bạn có thể dán luôn prompt 3 mà ko cần thao tác thêm. Nếu bạn có chỉnh sửa, bạn cần cung cấp bản đã chỉnh sửa lại cho Gemini và thống nhất với nó trước khi paste Prompt tiếp theo.  ",Layout Mapping,"(Layout Mapping) Hãy đóng vai Creative Director để thực hiện bước Gán nhãn Layout phù hợp cho website dựa trên Content Blueprint và Visual assets mapping chúng ta đã thống nhất. 

DANH SÁCH 5 MẪU LAYOUT TIÊU CHUẨN:
Hero Layout: Tiêu đề cực lớn (Giant Typography), một ảnh trọng tâm hoặc ảnh nền.
Bento Grid: Chia ô đa kích thước cho các thông số, metrics hoặc danh sách kỹ năng ngắn.
Split Dashboard: Chia màn hình (thường là 60/40). Một bên chứa văn bản dài (có vùng cuộn nội bộ), một bên chứa thẻ ảnh minh họa
Mosaic Gallery: Các thẻ ảnh xếp khít nhau (Zero Gap), tiêu đề hiện lên khi tương tác.
Adaptive Showcase: > - Nếu < 3 ảnh: Dùng Layout dàn trang tĩnh sang trọng.
Nếu > 3 ảnh: Dùng Layout dàn hàng ngang (Horizontal Row) để chuẩn bị cho hiệu ứng băng chuyền.


LUẬT THIẾT KẾ BẮT BUỘC (ANTI-REPETITIVE RULES):
Quy tắc Zig-zag: Nếu hai Slide liên tiếp cùng dùng mẫu ""Split Dashboard"", bạn PHẢI đảo ngược vị trí (Ví dụ: Slide trước Ảnh Trái - Chữ Phải, thì Slide sau phải Chữ Trái - Ảnh Phải).
Nhịp điệu thị giác (Pacing): Không sử dụng cùng một loại Layout cho 3 Slide liên tiếp. Hãy đan xen giữa các khối ""Dày"" (Bento/Mosaic) và các khối ""Thoáng"" (Hero/Split) để người xem không bị mỏi mắt.
Chống khoảng trống: Nếu nội dung ít, ưu tiên dùng Hero hoặc Split lớn. Nếu nội dung dày đặc, ưu tiên dùng Bento hoặc Dashboard có cuộn nội bộ.



YÊU CẦU ĐẦU RA:
Hãy xuất ra bảng quy hoạch: Slide | Nội dung trọng tâm | Layout phù hợp | Vị trí Ảnh & Chữ (Trái/Phải/Nền/Center) | Lý do chọn.
Lưu ý: Chỉ tập trung vào việc chia khung hình và vị trí đặt nội dung tĩnh, chưa cần mô tả hiệu ứng chuyển động (Animation) ở bước này.",
2,"Tiếp tục paste Prompt để định hình phong cách thiết kế cho website sau khi đã thống nhất các nội dung Bước 1. 
Nhớ phải thay phần chữ đỏ thành phong cách bạn muốn nếu bạn có nhu cầu khác mình nha. 


Phần này linh hoạt được nhé mn, prompt dành cho các bạn ko có yêu cầu về design mà để Gemini chọn cho luôn, 
còn nếu bạn đã có sẵn một bộ Design Guide riêng, màu thương hiệu hay Font chữ rồi thì share cho Gemini và bảo nó: 'Dựa trên bộ nhận diện này, hãy tổng hợp thành một Style Guide chuyên nghiệp cho website của tôi' cũng dc rùi",Style Guide,"(Style Guide) Dựa trên content Blueprint, Visual assets mapping và layout mapping đã thống nhất phía trên, hãy đóng vai Art Director để thiết kế một bản Style Guide theo phong cách: High-tech Dark Mode, Modern Finance

YÊU CẦU CHI TIẾT:

COLOR SYSTEM (60-30-10): Cung cấp mã Hex cho:

1 Màu nền chính (Deep Background).

1 Màu bề mặt thẻ (Surface/Card Background) để dùng cho Bento Grid.

2 Màu điểm nhấn (Accent Colors) cho hiệu ứng Neon/Glow.

TYPOGRAPHY (VIETNAMESE OPTIMIZED): >    - Đề xuất 1 cặp Google Fonts (1 cho Title, 1 cho Body) hỗ trợ tiếng Việt tốt.

Chỉ định cách phối Font sao cho giữ được sự sang trọng của tạp chí nhưng vẫn đậm chất công nghệ.

UI SPECIFICATIONS (KIẾN TRÚC GIAO DIỆN):

Header: Mô tả chi tiết hiệu ứng Glassmorphism (độ mờ, độ nhòe backdrop-blur). Cách sắp xếp Scrollspy cho 9 Slide.

Layout Elements: Quy định độ bo góc (Border-radius) và kiểu đường viền (1px thin border) cho các ô Bento và Dashboard.

VISUAL EFFECTS: >    - Mô tả hiệu ứng cho các lớp (Layering): Cách sử dụng bóng đổ (Drop Shadow) hoặc ánh sáng (Outer Glow) để tạo chiều sâu 3D cho 9 Slide.

Hãy xuất kết quả thành một bản Style Guide chuyên nghiệp, súc tích để tôi nạp trực tiếp vào Master Prompt ở bước sau.",
Video 2,Tạo Website trên Google AI dựa trên Hồ sơ web đã chuẩn bị,,,
3.1,Nạp vào System Instructions,RULE,"# ROLE
You are a Senior Frontend Developer & UI/UX Engineer. 
Your mission is to build a high-end Portfolio Website using React (Vite), Tailwind CSS, and GSAP.

# STRICT RULES
1. Data Decoupling: All text and image paths must be stored in `src/data/contentData.json`.
2. Design Fidelity: Strictly follow the Hex codes and Typography from the provided Style Guide.
3. Animation: Use GSAP ScrollTrigger for smooth, magazine-style transitions between slides.
4. Clean Code: Modularize components and use professional naming conventions.
5. Asset Path Convention: 
   - Use `./assets/[filename].[extension]` for all media.
   - Maintain the original file extension from the Image Mapping (e.g., .svg for logos, .png for transparent graphics, .webp or .jpg for content photos).
   - If an extension is missing, default to .webp or .jpg.
",
3.2,Nạp vào khung chat chính,Prompt Build App,"I will now provide the 4 core documents for the website. Please acknowledge once you have processed all of them.

# 1. CONTENT BLUEPRINT
[Dán nội dung Blueprint của bạn vào đây]

# 2. IMAGE MAPPING
[Dán nội dung Image Mapping của bạn vào đây]

# 3. LAYOUT MAPPING
[Dán nội dung Layout Mapping của bạn vào đây]

#4. STYLE GUIDE
[Dán nội dung STYLE GUIDE của bạn vào đây]

---
Concept: Finance Logic + Magazine Aesthetics.

Based on the documents above, please perform the following steps:

Create the src/data/contentData.json file containing all text and image mappings.

Create the tailwind.config.js incorporating the colors and fonts from the Style Guide.

Provide the main App.jsx structure and the GSAP setup for navigation across all slides",
,,,,
Video 3,Prompt sửa giao diện,,,
,Nạp vào khung chat chính,Nạp giao diện từ Motion sites,"Mình muốn giữ nguyên toàn bộ nội dung (Text) và cấu trúc Layout của các Section hiện có trong code bên cạnh. Tuy nhiên, hãy cập nhật Lớp hiển thị (Visual Layer) dựa trên prompt mới này:

Yêu cầu thực hiện:

Background: Thay nền hiện tại bằng Video Background từ prompt mới (Giữ đúng logic loop và link video).

Component Style: Áp dụng hiệu ứng .liquid-glass (hoặc style mờ ảo của prompt mới) vào các khung nội dung sẵn có của mình.

Typography: Cập nhật Font chữ sang 'Instrument Serif' nhưng giữ nguyên cỡ chữ và vị trí cũ.

Animation: Thêm hiệu ứng fade-rise cho các phần tử mà không làm thay đổi vị trí của chúng.

Dưới đây là Prompt Style mình muốn áp dụng:
[Dán đoạn Prompt Motion Site vào đây]",